subject_id,session_id,face_confidence,face_quality,rppg_snr,rppg_peak_strength,rppg_hr_stability,rppg_roi_agreement,gaze_accuracy,head_accuracy,hand_accuracy,challenge_timing_error,optical_response_score,trusted_face_confidence,trusted_face_quality,trusted_gaze_accuracy,trusted_head_accuracy,trusted_hand_accuracy,trusted_challenge_timing_error,cross_person_timing,cross_person_interaction,relative_motion_consistency,participant_presence_consistency,challenge_sequence_consistency,camera_quality,frame_drop_rate,exposure_stability,awb_stability,capture_duration,device_integrity,decision,model_version,protocol_version,schema_version,split
ORP_002,ORP_002_S1_01,0.9395415839080496,0.866557183064971,0.6350690300585607,0.7996030498558071,0.8329697459324544,0.6475611414448623,0.9449512707470384,0.9557228895185902,0.8764348115881002,0.08903370354335458,0.8594885146155703,0.8852787930330438,0.8760610891354768,0.8516753615374559,0.8863882630803842,0.8736463422176709,0.10847509986800874,0.8469929295371253,0.8753262479300086,0.9139830912186854,0.929163534509633,0.9477427309683244,0.949261898281529,0.02166033901732811,0.9692852201308775,0.9599242007202049,12.452939524551219,1.0,LIVE,ORPAD_SS1,1.0,edgeppg-1.0,train
ORP_002,ORP_002_S2_02,0.9539958737463681,0.9245472177464356,0.46651864077043115,0.6832333795067205,0.9432562660507031,0.7853523411555345,0.9444145269112331,0.9670984163529444,0.8139315502003643,0.13898389785494195,0.898396776868409,0.9410062958165372,0.8993763691710848,0.8998090396425442,0.933644524177908,0.8976517703917665,0.16358453391886824,0.8471058104139991,0.8736242202070238,0.8860405819596621,0.9753443989546416,0.9308474040054282,0.9774263929740699,0.029745076300421936,0.9694178842286828,0.9483106970905862,13.944270636010536,1.0,LIVE,ORPAD_SS2,1.0,edgeppg-1.0,train
ORP_002,ORP_002_S3_03,0.920781679609852,0.8863565180327834,0.7253236392145648,0.7898004770995743,0.8883654905141083,0.7522679009053275,0.8841646184923584,0.9444533562726624,0.8018048557011322,0.09458281226542507,0.8736325514973058,0.8958370080163613,0.8219178044447978,0.9172651923745203,0.8880100509837752,0.7876528129810539,0.2474547568875492,0.9084674139538562,0.8694066149420938,0.9483593710771343,0.9452300848625381,0.9040944905239009,0.9741926040088075,0.005121844855769383,0.9465195482761817,0.9049798998931007,14.889668933607016,1.0,LIVE,ORPAD_SS3,1.0,edgeppg-1.0,train
ORP_002,ORP_002_PMX20_01,0.8144417387774212,0.675386904816353,0.03870115040069772,0.04653344586307862,0.14852282765393987,0.04127743237528945,0.04793476311202455,0.09352438481153236,0.043851123879072106,1.1185593826906375,0.05862058203012625,0.20239498578024584,0.26409676537956883,0.12329486103261786,0.11346311896734053,0.07936233812133675,1.4046151417537875,0.06188684241700171,0.08268607820089688,0.17807849569739015,0.3226818245225164,0.0968808061891665,0.5745465647835327,0.02653273254120976,0.6957432241185704,0.6244175926016357,13.367049892081107,1.0,SPOOF,ORPAD_PMX20,1.0,edgeppg-1.0,train
ORP_002,ORP_002_RSI3_02,0.9158548333642018,0.8083260868696917,0.021641880989614927,0.04075626400023636,0.11926818607495901,0.03270350347250132,0.16557528289025786,0.09025670930044966,0.10241437798901326,0.8973368787407136,0.027314030040403576,0.3035018840875605,0.20076940265503132,0.1457900516272362,0.10296678205804158,0.0781866114455175,1.1900307131109675,0.21081963965767997,0.12459432673218285,0.2577305730695426,0.38505619750115216,0.14785614405680736,0.7960083568066685,0.021226425609530388,0.7220400663700429,0.725827577179915,13.11758192251634,1.0,SPOOF,ORPAD_RSI3,1.0,edgeppg-1.0,train
ORP_002,ORP_002_RMX10_03,0.9352872098345317,0.8905630223952854,0.04770213002249089,0.06548361875794802,0.10365663208366571,0.22394564135887698,0.1559122402943951,0.20307186498873914,0.023586717216081805,0.7968323085328156,0.08415237558473887,0.2737376118713441,0.3153330395878643,0.15860124019835528,0.10034350645867265,0.0536240675762379,1.326532702784926,0.18223907621889823,0.1198710056234541,0.1797820616004618,0.3195349493281531,0.05961081688057418,0.8980903645026451,0.07031747922874108,0.8436106680568561,0.8100240517996746,13.89053726733775,1.0,SPOOF,ORPAD_RMX10,1.0,edgeppg-1.0,train
ORP_005,ORP_005_S1_01,0.9322294557152763,0.9142079121153812,0.5232407485070352,0.6613642532340344,0.8863484108019367,0.5581287580519074,0.8950248472183763,0.8947810582360892,0.8528660286409147,0.0988239353885888,0.8642583641310639,0.8520449716090275,0.8035818474979151,0.9216263864854511,0.8525742335133726,0.8573916389039805,0.1863625845511549,0.8880476205148521,0.8567945098873974,0.9449446503390956,0.9762358745276074,0.9184237498293961,0.8944182068178724,0.01564775737677826,0.9430310090921459,0.8840252640085332,14.556589536271016,1.0,LIVE,ORPAD_SS1,1.0,edgeppg-1.0,train
ORP_005,ORP_005_S2_02,0.9392471321410016,0.9271617070842292,0.7306531700176907,0.7289541419488532,0.9536684653598521,0.7679473940177876,0.8804703119580687,0.9721026398565764,0.8937354328326269,0.127754040259291,0.9439371343882701,0.8901241342638604,0.8140386332276229,0.9290468717110992,0.9332709527049292,0.8273214828649185,0.15880196939595306,0.8521120560946125,0.8011748330350547,0.8730036798286267,0.9817510473539842,0.9262204239811513,0.8966814276538995,0.026675700532855732,0.9336073420658326,0.9531896076144849,11.204770703622177,1.0,LIVE,ORPAD_SS2,1.0,edgeppg-1.0,train
ORP_005,ORP_005_S3_03,0.9381825066985714,0.8792602710851669,0.5056925537985254,0.5012851532910917,0.8284994005419019,0.8122977614930491,0.9764514970967447,0.9010905922361819,0.8701992832361422,0.18009186966018856,0.9269165764161438,0.9281444144424236,0.8310579236897151,0.9446434519368083,0.8889383562023621,0.8653972577652614,0.22986687098167308,0.8649863284379268,0.8025591317126737,0.8975723341137296,0.9789450622769458,0.9368898470613104,0.8971952383748393,0.016280450322654853,0.9409585499153543,0.899327068149995,14.209219662826364,1.0,LIVE,ORPAD_SS3,1.0,edgeppg-1.0,train
ORP_005,ORP_005_PB_01,0.8628488054548072,0.6555731962050975,0.04395984517283138,0.03987860563349513,0.11996161749535245,0.01664472310308502,0.03633194092732226,0.12866385112657386,0.047410793661996846,1.0857613819873504,0.07546119706522901,0.3062315918118468,0.2097206132365952,0.05851545808021981,0.0852080603551676,0.05438584914782255,1.448279764267683,0.0523801193721625,0.05086056594366184,0.24289397277079652,0.25056364198047215,0.05649711013382806,0.6880228568351078,0.016792451793846,0.6246782434517686,0.6419439045965375,11.591674397642276,1.0,SPOOF,ORPAD_PB,1.0,edgeppg-1.0,train
ORP_005,ORP_005_RSMX10_02,0.8578138831361675,0.8101150945957292,0.06912175955009263,0.04148413349190094,0.16480077834138585,0.09340505065231243,0.12585714766623243,0.14925290632967275,0.06459005492121951,1.371550571077964,0.02561163623325066,0.30158240775605955,0.21745059595873586,0.10762744638351099,0.11191745913189458,0.11366422472570263,1.150058370019707,0.20770528193118515,0.16808911529233303,0.25407077487465235,0.2573628518277739,0.05660423941707364,0.8073785390467774,0.013475376485521842,0.6555247392412799,0.6984299570337222,14.6108586186187,1.0,SPOOF,ORPAD_RSMX10,1.0,edgeppg-1.0,train
ORP_005,ORP_005_RMX10_03,0.938569081170418,0.7876322948251745,0.0340347620374211,0.08956567461232667,0.09539519540057247,0.19594935076033076,0.08030272688850754,0.11788717949494323,0.11644142683439514,1.29245642508517,0.024156595196354973,0.3985359009201137,0.30545563854978075,0.09171067380046319,0.1400759238347874,0.14638173108647085,0.8881824770626541,0.1697927027885912,0.1422410156194843,0.17736694761271998,0.26151271809511384,0.059373878861944576,0.860900601316446,0.07234394701101156,0.7945100883002527,0.7070453098115345,12.059938227320561,1.0,SPOOF,ORPAD_RMX10,1.0,edgeppg-1.0,train
ORP_007,ORP_007_S1_01,0.9377142524521986,0.877812706618122,0.6731722661583934,0.7073416940202273,0.9071485676682293,0.6898546309040762,0.9442608561909699,0.9282143541902625,0.8798726402139158,0.14472773024663865,0.8471090854606188,0.9180911592760693,0.8111274045106218,0.9013815120535191,0.9056158330593017,0.780796514856333,0.15558735157233486,0.8781049394670536,0.841962041089263,0.8521128537497052,0.9200636761166928,0.9638351878829754,0.9430885119077381,0.0039815427768146484,0.9541794159079298,0.9304619241392375,12.201433540195637,1.0,LIVE,ORPAD_SS1,1.0,edgeppg-1.0,train
ORP_007,ORP_007_S2_02,0.9393301013105716,0.8913422011619431,0.49174255174665404,0.7597576559184779,0.9489692150655454,0.6612648354592972,0.948726882093485,0.8860391332936494,0.9140568946538624,0.21230118007378385,0.823597836791903,0.9300933213389333,0.8711281175320692,0.9403517268070484,0.8732024184325117,0.87134497816259,0.13584566958186112,0.8420500842087867,0.8232118497112519,0.8914254482663774,0.9437888044789547,0.9571887082065826,0.8867473743245335,0.0029483708077048896,0.9572312853188125,0.8875422328911377,12.88616595430203,1.0,LIVE,ORPAD_SS2,1.0,edgeppg-1.0,train
ORP_007,ORP_007_S3_03,0.9407764897142172,0.8619359582702139,0.6701545334357749,0.4938226426094092,0.9248464169904206,0.8447928972464815,0.9024216497645727,0.9565526838032349,0.8448799859460449,0.08483788663227138,0.8863040837865396,0.9463042279215759,0.8357853109616138,0.8922189637225131,0.9077329528662043,0.7973589390696191,0.12228899292055281,0.916071173877772,0.8762556014322453,0.9491060614700982,0.9329671805222908,0.9545902554361007,0.9508581287567359,0.029869174064153806,0.9614140983866104,0.9281491933884203,12.90775387043023,1.0,LIVE,ORPAD_SS3,1.0,edgeppg-1.0,train
ORP_007,ORP_007_PMY10_01,0.780891627792565,0.5614182462340964,0.016221516043203838,0.02517866539497257,0.10000868916186051,0.05033897680118682,0.12356150459189977,0.11363056754139748,0.09664558385915469,1.0849651834020684,0.06066690792793326,0.25589479661786996,0.2809880095977739,0.09890489435192723,0.02966618370632714,0.05044218756632576,1.0719904613538254,0.0798002424027682,0.14663999822337864,0.10411206082669416,0.30080015069752747,0.06948952187359521,0.7008351336504396,0.04850572719957976,0.7428568564875432,0.6042979209618973,13.854806688057664,1.0,SPOOF,ORPAD_PMY10,1.0,edgeppg-1.0,train
ORP_007,ORP_007_RSMX10_02,0.9447703145218908,0.7695008845030289,0.059224987608355345,0.021575481881379553,0.12103818683074752,0.010077185626176242,0.1509563721833869,0.03751629389234926,0.10691471535732992,0.8531323862121085,0.07961150541392378,0.33858489510984346,0.3137587066537427,0.08253337395454724,0.10512564378125738,0.11505200412505043,1.1269574686593293,0.16373374599076268,0.11236876394837525,0.17013987014991905,0.4156082344577107,0.05927764194071947,0.7669072096798513,0.02851377951413448,0.8158367151711666,0.6948014173415007,12.552773239748172,1.0,SPOOF,ORPAD_RSMX10,1.0,edgeppg-1.0,train
ORP_007,ORP_007_RA1_03,0.9225265433258076,0.8967019684303883,0.057125783717432266,0.08019994389530373,0.16394186722214582,0.17657064349895543,0.2387846001644815,0.07673976933788879,0.032294194032262066,0.763780611159862,0.062165634094077174,0.3631557231534175,0.25510104924456023,0.12701440486347326,0.0959519349775021,0.06925829461177326,1.0904807902961928,0.22113374419665627,0.08584668215936087,0.3316502716857536,0.2842060102096913,0.10880699182210642,0.853778508291455,0.05529817654587216,0.8608119296542013,0.8196985662805311,12.12421255604,1.0,SPOOF,ORPAD_RA1,1.0,edgeppg-1.0,train
ORP_008,ORP_008_S1_01,0.9518292486957898,0.8785364932614852,0.77418119449421,0.6922911077837592,0.8956365525808657,0.6970075177457924,0.9077686029058645,0.8924720579810546,0.8432989314687098,0.18503708789601897,0.824788157117105,0.9043826573055675,0.815779319232879,0.9171468796276905,0.8677892895495596,0.789226402443185,0.105191090566603,0.8340774400173593,0.8604067212289979,0.9174170761962553,0.9644446648317464,0.9640728067099544,0.9082110226575902,0.010680019050569312,0.9278474577310586,0.9124240169746047,14.658695760806733,1.0,LIVE,ORPAD_SS1,1.0,edgeppg-1.0,train
ORP_008,ORP_008_S2_02,0.922465343919028,0.8930278957374059,0.7389457297572637,0.483798300713157,0.9333864043666429,0.6258962914859567,0.9098748087212022,0.9202348588787908,0.8917438651412823,0.18368930666570735,0.7518743773844468,0.8760349187087042,0.8485917766305009,0.8673770450672413,0.9229234628775209,0.8751435903862095,0.22014897428057326,0.8902420733399612,0.8269507486504784,0.9491100253927588,0.9611891700007841,0.9583994316992297,0.962656826560023,0.027900893493866125,0.9463265743075153,0.8869522151013773,10.396323020662818,1.0,LIVE,ORPAD_SS2,1.0,edgeppg-1.0,train
ORP_008,ORP_008_S3_03,0.9474422329923883,0.9114221969517142,0.718735045870927,0.6824321064234935,0.8657938750963983,0.7514313658634659,0.8985948613393063,0.9713635638168341,0.9223445284850833,0.09070477597337483,0.7564104331580936,0.8669765323389175,0.8449200073095487,0.946086800046283,0.8734863266620785,0.8228169455323446,0.2266543022916284,0.903372725269105,0.8018644116091544,0.8746009634387361,0.9704505991860995,0.9354384920657609,0.9193949862429361,0.012997430613802936,0.9360398994235476,0.9207728648775015,14.410592274249503,1.0,LIVE,ORPAD_SS3,1.0,edgeppg-1.0,train
ORP_008,ORP_008_PMX20_01,0.7555172272790528,0.5260279661011927,0.029690819117142796,0.03170199697516633,0.14914030566959896,0.020592199877120937,0.1447732336443731,0.14477503534731426,0.08205292663288252,1.4144425974018167,0.04514866410665631,0.329532892587339,0.24529325203241298,0.1188301923860098,0.07593715433794612,0.030335510847993394,1.2125029986589086,0.05480146616668042,0.07413681155052407,0.14098684765453126,0.3320709852767402,0.028311595516278314,0.580173185153619,0.043677716669589584,0.7255084571002869,0.5347802234052859,12.594881917169223,1.0,SPOOF,ORPAD_PMX20,1.0,edgeppg-1.0,train
ORP_008,ORP_008_RSB_02,0.8847067088615327,0.7806818779277691,0.060023076233570186,0.06127467489169178,0.14044402007642226,0.025346966638650492,0.06489810943900137,0.10317962929417347,0.04826944497008363,0.9471068025664107,0.043323654611327034,0.2223456158958998,0.24060049309070153,0.16069416694256033,0.17024267233918486,0.04895967068233125,1.173405037270355,0.20110435212088779,0.18535587334561326,0.18658957082515942,0.3706713607839396,0.06791398395385628,0.7925244959037377,0.029213464386583315,0.6519931029991499,0.7489494351130533,14.644600631820827,1.0,SPOOF,ORPAD_RSB,1.0,edgeppg-1.0,train
ORP_008,ORP_008_RI6_03,0.8954062821588875,0.8190254458846855,0.07783454753419787,0.09866879842553249,0.22061856003993197,0.09699516669177506,0.20538407817174337,0.05362150708479405,0.03669197206308264,1.1316203646629128,0.02047228687787816,0.25392551351630577,0.35796822843667,0.08688298422818527,0.16034083273190813,0.0532469248224544,0.9092229080934809,0.23134406079137287,0.13385649450252693,0.24672068522207485,0.37356657869912535,0.09055162189854493,0.9295646584742117,0.05156794815128922,0.7720194212765485,0.803128091169008,10.272185094019202,1.0,SPOOF,ORPAD_RI6,1.0,edgeppg-1.0,train
ORP_013,ORP_013_S1_01,0.9427268605307612,0.9405037381969581,0.7606298307737311,0.5105378016364096,0.8950477429974654,0.5542589468464877,0.9656173512531621,0.9471028444751803,0.9092362658101761,0.20951080868096922,0.9176505100147998,0.9230205037210522,0.8201674577859707,0.9050575384943558,0.916756217579935,0.7977192020350592,0.1499689210841907,0.9180735427870856,0.8712674688998514,0.8577556986337073,0.9893657952939097,0.9680355792582777,0.8948090779216398,0.0037984572569576525,0.961722351311612,0.9077624050963691,12.492825523956462,1.0,LIVE,ORPAD_SS1,1.0,edgeppg-1.0,train
ORP_013,ORP_013_S2_02,0.971583068119323,0.852949446499686,0.7189439521128054,0.7896198083250161,0.9368103804385312,0.7330310566099155,0.8993713491609191,0.8990787539538706,0.8504988194002716,0.19946960717182038,0.7737278194380225,0.8811871682306626,0.8810607239584995,0.9474628791013874,0.9005541695504223,0.8768669245789849,0.11667311512342367,0.8940728303018152,0.8051424148984511,0.9436736318506156,0.9747464807251526,0.9396526119525087,0.9074748043762334,0.02779037984537839,0.9465610668173351,0.948834201093318,12.932107878254797,1.0,LIVE,ORPAD_SS2,1.0,edgeppg-1.0,train
ORP_013,ORP_013_S3_03,0.955316554634156,0.899593816983384,0.7234437834193517,0.7865266090616368,0.8235392756520548,0.6118712549727153,0.9356610187018813,0.9799641551738068,0.9421393555982639,0.184713719097145,0.8350524841883251,0.8814795336716302,0.8991748398589585,0.9385188348137399,0.8500936454374703,0.8706462003145872,0.11904220364566939,0.8760934341377212,0.8850822531957447,0.8654279505865493,0.9508770008178453,0.9386488348913371,0.908358205600848,0.022309867072960492,0.9227792767433068,0.9544733087159675,10.44039184740615,1.0,LIVE,ORPAD_SS3,1.0,edgeppg-1.0,train
ORP_013,ORP_013_PI3_01,0.8845656988244036,0.6350564768077953,0.019721366753717662,0.04621173684783827,0.14735895741842012,0.057588803538871094,0.0207067373740698,0.04502002541272738,0.08794752611895057,1.0245720454397609,0.0231298735424022,0.23259717343492323,0.1696347760123437,0.14317365200602447,0.06973586828052762,0.05582165157876784,1.4471943610801823,0.19582014250326796,0.1563939665501097,0.21211728436731891,0.3884699560138604,0.05823730962507942,0.5921448428924304,0.01915215498628141,0.6165402359978109,0.6849737328815974,14.37223609286082,1.0,SPOOF,ORPAD_PI3,1.0,edgeppg-1.0,train
ORP_013,ORP_013_RSA2_02,0.9211865676122534,0.8411480771611722,0.0214107537648369,0.04172911211287013,0.15989013397338908,0.0802044481431956,0.17172515522538728,0.04529423984088446,0.027124951774877636,1.0324534238016063,0.07465439232043701,0.2924994873387624,0.2853949107506428,0.06205689441027404,0.07880020472642167,0.08725967012782258,1.035860530787904,0.20714065213515437,0.1966685411957084,0.15383083178300413,0.3708013366497587,0.06739734028482268,0.8287561944357114,0.033382612059047675,0.6899906670424973,0.7927571403038592,11.341908856437083,1.0,SPOOF,ORPAD_RSA2,1.0,edgeppg-1.0,train
ORP_013,ORP_013_RMX10_03,0.9100271306111237,0.7810521609952781,0.020588611113541235,0.051489721920037784,0.17764191655030048,0.16044237258611288,0.196710644773822,0.2075852191815043,0.11148965066850286,0.961345462721868,0.10840568055071369,0.2617830686645134,0.22890792653328382,0.12256732294240065,0.17743575222016617,0.13983226586910555,0.8037573173869652,0.24226275966216373,0.0850394343286512,0.24673071046016273,0.3160581430194286,0.05267580860564548,0.87077009298563,0.06737663338048269,0.8464872659293257,0.6681756017949128,10.437656917937954,1.0,SPOOF,ORPAD_RMX10,1.0,edgeppg-1.0,train
ORP_014,ORP_014_S1_01,0.9446418740924216,0.9004268552893213,0.5696797493398272,0.5277693539567131,0.8253559005881246,0.7348881116303494,0.9217504802695291,0.9475320901751509,0.9494135137409179,0.16245735999735597,0.8274646645529259,0.9107417729078602,0.8823064478276066,0.9488626528458457,0.8821570663828958,0.8097112699245443,0.15476390906421147,0.827822466847749,0.85757504992623,0.9197976639630191,0.9304392899891586,0.9627187893602838,0.9363636323757034,0.02969459020886534,0.9594532883392335,0.9141236396452831,11.432256127516345,1.0,LIVE,ORPAD_SS1,1.0,edgeppg-1.0,train
ORP_014,ORP_014_S2_02,0.9536972917411536,0.9295729140028675,0.7619122851205422,0.48490007746756986,0.8476690470754212,0.6378717444425552,0.969925580294347,0.8868704518304767,0.8147427083396431,0.20354185541731534,0.8858437002301291,0.9145457503676794,0.824485283187388,0.9373286226151111,0.8797261820209049,0.8155131874320294,0.10258407460666626,0.8471100315273895,0.8585812142687418,0.9034933112968634,0.943201552570841,0.9374243456420192,0.9524625180510283,0.0283780410746886,0.9575950400469865,0.9133320174841697,12.947610839564394,1.0,LIVE,ORPAD_SS2,1.0,edgeppg-1.0,train
ORP_014,ORP_014_S3_03,0.9750857695644986,0.9328678225512911,0.6271777438036255,0.7718528424665092,0.8413738455399347,0.609721988681512,0.9084359673861137,0.9085444860565048,0.8291504537059297,0.19724508042386724,0.9017614951901877,0.9308707238974402,0.8892092262852765,0.9427162795540757,0.8724933958483512,0.8138129515235809,0.1160336632133144,0.8434260273062584,0.8024299351603921,0.8568018100490132,0.9440351901961419,0.9767605281644361,0.9350440072226209,0.007976828650627692,0.924175456369116,0.9433067652310116,12.92232741813774,1.0,LIVE,ORPAD_SS3,1.0,edgeppg-1.0,train
ORP_014,ORP_014_PMX10_01,0.8769640113896776,0.6089045525527734,0.05379764851769606,0.037379812898524926,0.17697991835186477,0.02196659984811286,0.05484115303280983,0.13706510081366083,0.013687656463808866,1.3621956853478283,0.07977935603864099,0.18990471166637474,0.16859350187699082,0.033605459342260974,0.09094220215877176,0.059800032586854304,1.2784191919370582,0.07149641866993212,0.06259941134107799,0.14660295178352734,0.3170956847323618,0.06949313205861021,0.687076045215911,0.04637703492014744,0.5627559513675885,0.6318098793437752,10.444989608085534,1.0,SPOOF,ORPAD_PMX10,1.0,edgeppg-1.0,train
ORP_014,ORP_014_RSA2_02,0.8535526139053315,0.8474449690381821,0.04207866748149778,0.04559255630444663,0.16696563175147178,0.06490980445037392,0.05758809346429558,0.13929850927388782,0.09370516019289876,1.004771196395861,0.06901751497845679,0.2853708224881031,0.22786539624986757,0.07124147485618793,0.12908909863893292,0.043896958354411986,1.0127189422257603,0.12625967551193923,0.19764783954530163,0.26315827579115914,0.32588303672282315,0.14926109889568792,0.797471570232654,0.04452488036021458,0.8020571232768546,0.787750688503822,12.969954805942685,1.0,SPOOF,ORPAD_RSA2,1.0,edgeppg-1.0,train
ORP_014,ORP_014_RMX10_03,0.9412550006358348,0.8818929048837152,0.07315345742688242,0.041653026531527235,0.22711899717968986,0.1611665858549352,0.23398698257083445,0.16619691846561196,0.07346963834784913,1.0445964935692749,0.09437953968197083,0.21407977598398306,0.24014305513231043,0.06872394737442333,0.1326964738073328,0.07696456895731808,1.1261501572964823,0.21554078200943716,0.19534427861703613,0.32862143683194583,0.4308399957999507,0.1294774004078041,0.902154788065902,0.061089762825306995,0.8548367665534485,0.6860184673185615,12.85942322385925,1.0,SPOOF,ORPAD_RMX10,1.0,edgeppg-1.0,train
ORP_015,ORP_015_S1_01,0.9398909796351079,0.856292214017677,0.7634836383528216,0.7888961030466395,0.8804460034321866,0.6890013749535268,0.8955805171902087,0.8899340508268102,0.9272697910771419,0.10071010129620514,0.8451319158741618,0.9449498331946978,0.8089010081060511,0.9397203255367176,0.8548154813156637,0.8840195786383223,0.2368178246041969,0.9117043923024687,0.831267043927187,0.8607703175860274,0.9476287133015184,0.9647489178493481,0.9764154757149585,0.020716286662172657,0.9609219711077167,0.8951217096897823,11.015674854994426,1.0,LIVE,ORPAD_SS1,1.0,edgeppg-1.0,train
ORP_015,ORP_015_S2_02,0.9755998636236324,0.9413157165675917,0.7174691571185493,0.765494230586832,0.8745843242238407,0.766294704222839,0.9346455631249084,0.8951383442954779,0.9239251717512827,0.17109008880457616,0.8422096029479499,0.8960067583299425,0.8594123990275825,0.9139858788377341,0.9054123976159997,0.8640323574567826,0.15673124280295336,0.8281604439414384,0.853116710581249,0.86842558883409,0.9633401161170623,0.916138375110265,0.9752790455365795,0.02340459218416937,0.9726146420281974,0.9095968157930245,13.631722211940136,1.0,LIVE,ORPAD_SS2,1.0,edgeppg-1.0,train
ORP_015,ORP_015_S3_03,0.962227879189222,0.886505055294847,0.6303186663866819,0.6849515758849535,0.9468443954089347,0.8182061304458608,0.9152181900331138,0.9074192529731323,0.8872927870325823,0.2084013275868733,0.8032009881945845,0.8864917765351469,0.8922836468725686,0.9444479608895892,0.8595594877029135,0.8767757769764187,0.20107860314601606,0.9000593617247177,0.8331407256636636,0.8564978871333715,0.9543154596417898,0.9064580276323999,0.9630457287842404,0.020388987694697998,0.935691420921483,0.922245107108962,10.63494456348651,1.0,LIVE,ORPAD_SS3,1.0,edgeppg-1.0,train
ORP_015,ORP_015_PMY20_01,0.8372518617411333,0.5364290042197806,0.01693991848661824,0.01664026148728086,0.19648808670759865,0.03860180266761187,0.07142862588405925,0.042506852655022076,0.0859016487729232,1.440863818164039,0.047807087617638716,0.21818195815876162,0.17395072614047932,0.03383099106195947,0.04370055685080182,0.020202509693228843,1.012279064714803,0.13212211626184756,0.17005809419887474,0.19209621286513165,0.3483022355032337,0.04933019022844054,0.652931400669409,0.013276798568302498,0.6061356893910673,0.6398632377723604,10.581852012963754,1.0,SPOOF,ORPAD_PMY20,1.0,edgeppg-1.0,train
ORP_015,ORP_015_RSA1_02,0.8889344063403976,0.801480956351003,0.07333402373532676,0.05938732318510688,0.12475695721671792,0.07049827952725848,0.03960401557139058,0.1442888242355787,0.032522871659625516,1.3911153796225433,0.04683817627050023,0.22052955919541337,0.23251955949065295,0.11149680890032454,0.12315478564215022,0.029954114528257185,1.32027980211369,0.09160556794609834,0.15458233614860423,0.1947745504079892,0.35061662799024784,0.06475896554203749,0.7703545182208404,0.01762279689063837,0.746362343277109,0.7433842511956247,12.301601401104621,1.0,SPOOF,ORPAD_RSA1,1.0,edgeppg-1.0,train
ORP_015,ORP_015_RMY20_03,0.9096232677732068,0.8386595885050171,0.06754974040351809,0.0827735122181681,0.21529584262435353,0.11694359955175226,0.24032685170075202,0.21603657014851557,0.03513605054759353,0.9463905486114861,0.024085890831277948,0.24907977040379858,0.3745657955813156,0.1109263387999371,0.06034714550813773,0.09202645403779637,1.010350276892584,0.2467678155868469,0.10967080299252677,0.30970875364316885,0.4386919742059928,0.09060401817785085,0.8720263667556357,0.06593741323355944,0.834511341991504,0.7588202642058033,11.318897630740967,1.0,SPOOF,ORPAD_RMY20,1.0,edgeppg-1.0,train
ORP_016,ORP_016_S1_01,0.9642127189294997,0.8994817955218128,0.6802777014557447,0.7575688720386309,0.8565714344851845,0.5729304007227093,0.9337543801677753,0.9482564299690366,0.9387431978618708,0.16658780196320838,0.9405287004567631,0.9271036538015721,0.8327660829692215,0.8783646996523452,0.8890260674203747,0.8581624672958227,0.21321274617632224,0.8359401934417833,0.8527597287983457,0.921110224511572,0.9676680162909067,0.9705463807537809,0.9317551714880803,0.0041649338014859635,0.9549296450510449,0.9070275783617399,13.505708882391815,1.0,LIVE,ORPAD_SS1,1.0,edgeppg-1.0,train
ORP_016,ORP_016_S2_02,0.9222913134099046,0.8639718996321202,0.5129551874701702,0.6384253001584116,0.8914520331617305,0.6512244722670291,0.9515649752843782,0.9373819840916533,0.8689498937926934,0.15169997843207267,0.788680771933296,0.9135009819160876,0.8033800105171459,0.944713910728302,0.9096261031390539,0.8857865246232031,0.10150239758655044,0.8634002990702522,0.879316128717685,0.8984368456055654,0.9824820190277636,0.9200994302564429,0.8829841065124926,0.005620701219585055,0.9614235194418091,0.9276813128237188,10.356298418802545,1.0,LIVE,ORPAD_SS2,1.0,edgeppg-1.0,train
ORP_016,ORP_016_S3_03,0.9360968949845647,0.8996817596585303,0.636943895989154,0.673440320517378,0.8760974288440905,0.7552056529025697,0.9390844516761695,0.8922942915530422,0.895025034944835,0.12017752087616662,0.8127324303031795,0.9266339197251412,0.8212348608880634,0.8537316903688096,0.9317334018922512,0.8657723166907138,0.11822004366036407,0.8899291968051162,0.8449385455640998,0.8710301953381194,0.98489130444101,0.9334915049048144,0.9560845375352428,0.017198878085163048,0.9300387897664083,0.9439945319585986,14.260205136155431,1.0,LIVE,ORPAD_SS3,1.0,edgeppg-1.0,train
ORP_016,ORP_016_PI6_01,0.8975134678535756,0.6816863418471873,0.04032355598815863,0.02679469329258452,0.11569917280209939,0.07353846442351046,0.1382725009363242,0.13754308258868078,0.029685116716140617,1.2969159584876508,0.057817146463509994,0.3054882886317033,0.2384988872148598,0.08091940891742645,0.06527384125669168,0.06997245297055357,1.2408028838800427,0.11686302536223336,0.07557285120443726,0.10647661263069853,0.2701830842002499,0.11271990718671807,0.5549780777192559,0.031238983095384955,0.5825422876687041,0.6518876539446812,13.23462646781778,1.0,SPOOF,ORPAD_PI6,1.0,edgeppg-1.0,train
ORP_016,ORP_016_RSI6_02,0.8636070871243267,0.7638679787105982,0.0547524098188792,0.04523348108999288,0.1563798586254227,0.059836016962116316,0.08863228682096917,0.05602654816574912,0.08245511327720033,1.4190972222979927,0.061265271104104124,0.21847909070262003,0.2884398885705961,0.14714433401983507,0.08656420275719535,0.09330547345361179,1.1241956947245528,0.09349227745763278,0.15814579302110426,0.17146616746914056,0.33659570421765217,0.05800717994279339,0.8485905256593007,0.012274546925904713,0.7895773611321831,0.7901966451859266,10.334827689436919,1.0,SPOOF,ORPAD_RSI6,1.0,edgeppg-1.0,train
ORP_016,ORP_016_RA1_03,0.9291660187719647,0.8257308260918064,0.03278462405230502,0.0704822408970218,0.20949190989444227,0.2336255314650776,0.1817767275591355,0.1911984976049036,0.06460899914613652,1.2036681967520888,0.06595563922776927,0.34551643779852226,0.334369657869724,0.12110519632562701,0.19977088305951995,0.020652226154912606,1.1319578647475632,0.135174198773417,0.19161642961916933,0.233772016355185,0.38629144768117474,0.06238022138830821,0.83160403113637,0.059819109721520894,0.8049201411753898,0.6854873343585844,10.13634250432963,1.0,SPOOF,ORPAD_RA1,1.0,edgeppg-1.0,train
ORP_017,ORP_017_S1_01,0.9372226928859881,0.9173011307756218,0.7170894851821552,0.4914328250716113,0.8237387922491848,0.5623088513219654,0.9503301077270645,0.9369564999292013,0.8426514720215144,0.16996324171361754,0.806600257164933,0.8977132079488053,0.8421845537139803,0.9468907911368116,0.8539559633655767,0.8375987229118615,0.1947145089620999,0.8897755929417168,0.8207370310521208,0.8841435723664036,0.9221209416871539,0.9762195077794891,0.90139630798176,0.025907946787896347,0.9680382589883745,0.8942096151042754,10.82832006759209,1.0,LIVE,ORPAD_SS1,1.0,edgeppg-1.0,train
ORP_017,ORP_017_S2_02,0.9290166192453404,0.8726489081118564,0.5991814143235791,0.6314510286153832,0.9004387228246622,0.7387120117740376,0.9190900067189742,0.9512997804888326,0.9134936615840125,0.1338492527694334,0.9481494109718515,0.899623610036472,0.828379998150155,0.8526775414632887,0.8782894245885634,0.8668017882341866,0.14742575716885378,0.8382294775377825,0.8613783735488032,0.9460156587009625,0.9368344820566953,0.9081629909647991,0.8889563544811813,0.011570087191185177,0.942483765819652,0.9419832477315211,12.796156202845255,1.0,LIVE,ORPAD_SS2,1.0,edgeppg-1.0,train
ORP_017,ORP_017_S3_03,0.9335329499587991,0.894328414653006,0.5681747896142859,0.6924524563721475,0.9201376070483103,0.8413989460567571,0.9713707924192292,0.9451269935116198,0.8735286450056695,0.11789591716817982,0.9479568430683564,0.8681452690598684,0.886672633082461,0.8577684669087952,0.9193772385970649,0.7891424783365891,0.151355394969037,0.8300698928737139,0.8530125256349319,0.860401448576086,0.9385409696455823,0.9111658573681554,0.9072608622103497,0.009729935871273245,0.9656377586477467,0.8853048440616517,12.745950198073391,1.0,LIVE,ORPAD_SS3,1.0,edgeppg-1.0,train
ORP_017,ORP_017_PB_01,0.7676469269476394,0.6147514050077362,0.026099221479865764,0.024069889078262904,0.14033135448842007,0.0717974327029175,0.13989768145463047,0.017240453307864972,0.03576817301123675,1.1002820237594306,0.026881778429046592,0.33659615942099536,0.1678161754679639,0.11547708681679594,0.09397432108052903,0.09426922578938918,1.2954306609515998,0.19310655703004992,0.16338842202721693,0.2053244029458602,0.37894042206229916,0.03477447742335643,0.5692851372642229,0.013120454928331901,0.579781056060892,0.5903921734461239,11.590927211989944,1.0,SPOOF,ORPAD_PB,1.0,edgeppg-1.0,train
ORP_017,ORP_017_RSB_02,0.8978516622640886,0.7188520235082136,0.07537637009008344,0.05177172558935045,0.16528522028467635,0.022516080959417744,0.027091204981167037,0.08932819609493341,0.0573308023517268,1.0538205019823,0.07336880584872983,0.2344610035380107,0.2665623851517042,0.10273189332104386,0.1522649457310512,0.09692845394827153,0.9460010834182133,0.16075246810576943,0.133470478656401,0.15111322635446117,0.33455727574705624,0.1168338887636204,0.7724219762467031,0.03571312504646709,0.6541946677261938,0.7199010570912944,13.482842785800335,1.0,SPOOF,ORPAD_RSB,1.0,edgeppg-1.0,train
ORP_017,ORP_017_RMX20_03,0.908921664199258,0.8487163182114819,0.07672512852641357,0.07395556732001443,0.10206668182358387,0.032498163564376584,0.051876095450081344,0.14425151511284157,0.06361888030209167,1.1564682924778777,0.11381773951926291,0.35798342774444436,0.31370639290126023,0.08002795975490222,0.18558946808585464,0.0849504611289422,1.078744316290121,0.1832177533427675,0.1395469137670568,0.29586909117359467,0.3896036078625853,0.1229633935913061,0.8276075274938252,0.03357322770118875,0.7351786615049963,0.6978773765277207,14.778722687239181,1.0,SPOOF,ORPAD_RMX20,1.0,edgeppg-1.0,train
ORP_018,ORP_018_S1_01,0.9595373752565145,0.9039469034733079,0.5902524751414473,0.5600772298343868,0.9258233145598621,0.5960697461987593,0.9476400118838251,0.9607968117296023,0.8692008353193932,0.10166443934754499,0.8757212060079196,0.9040195557994387,0.8713031936325555,0.9057128444799506,0.9255180846066482,0.8014808484455253,0.21235603249133486,0.8573255128981573,0.8676712748756032,0.857913966762776,0.9787572468546794,0.9107681694376719,0.9026860327570796,0.0017810690739582468,0.9758958027187955,0.906221616356097,12.207211077867338,1.0,LIVE,ORPAD_SS1,1.0,edgeppg-1.0,train
ORP_018,ORP_018_S2_02,0.9541773779690427,0.9494442742092857,0.7536614284267744,0.511534880942379,0.8239733446987758,0.6715848910011488,0.941429260325704,0.9019296346723217,0.8935830593117576,0.10512953735397197,0.7599279903827665,0.8667936893904967,0.822142776874862,0.8878145297383606,0.8591453277165172,0.8590322779245076,0.11095133122530468,0.8674982714812174,0.8105720892518089,0.858000250601739,0.9871261283706593,0.9185930229312603,0.9198642065144421,0.027199116806280337,0.9237247934051958,0.9247458444542798,12.857407556693895,1.0,LIVE,ORPAD_SS2,1.0,edgeppg-1.0,train
ORP_018,ORP_018_S3_03,0.9614303203070863,0.8592877659706545,0.4967584348497678,0.8059680680977017,0.9124804451041938,0.5535771853068524,0.8868745718210501,0.971502144903345,0.8524946412523909,0.21537803703105446,0.8426725397298892,0.9038388919321361,0.812939812043627,0.876625097535039,0.9182490564610335,0.8421743544164884,0.20050020531239748,0.8590494488385696,0.8129406308552879,0.9421778454023365,0.9288275290324229,0.9384490675447681,0.8879756838505717,0.02805795043972667,0.9311799173953074,0.9202204951213334,10.620090898668172,1.0,LIVE,ORPAD_SS3,1.0,edgeppg-1.0,train
ORP_018,ORP_018_PMY20_01,0.7617428376874802,0.5759677199215572,0.04012522809760198,0.012708425904511258,0.18580918152522652,0.035448924499134664,0.04961140620191567,0.1496591556386157,0.03010808788263397,1.278079264491634,0.02282486716584281,0.25754577387737776,0.2108289708761869,0.10971957337878341,0.0926220724840848,0.012710511151364793,1.37836368948165,0.08991136078492315,0.10293977046314855,0.23037183090177238,0.26920901215655413,0.05950017693794242,0.7012221395945721,0.029185082859340378,0.6502752781643146,0.5599942405512075,14.661369403652227,1.0,SPOOF,ORPAD_PMY20,1.0,edgeppg-1.0,train
ORP_018,ORP_018_RSI3_02,0.8927176869313129,0.7818444613898379,0.06230443753765272,0.025036975993163468,0.08930609762202235,0.025983714054450782,0.09026311930173954,0.08366169866964665,0.11278977183408673,1.2772956224678438,0.06966615935372118,0.2690663315490879,0.24922977273191327,0.07453470267041255,0.14511116971480764,0.041689041090950785,1.0513152520187539,0.10385119296033847,0.07088181826775648,0.20754715000739926,0.2700606310034596,0.14999200554098668,0.8768000072274414,0.016263974416044727,0.7009119532158194,0.7899959027498341,12.831794955170626,1.0,SPOOF,ORPAD_RSI3,1.0,edgeppg-1.0,train
ORP_018,ORP_018_RA2_03,0.9264833100282767,0.8354513150238623,0.052101222600679675,0.021622839247422015,0.18451046292031592,0.10952257416353302,0.13748044386981365,0.10319595015342968,0.07546134583781337,1.3648906059187622,0.04859337891453061,0.390052099577778,0.27193619475385883,0.11423789555069959,0.11640654030606526,0.0531909243190766,0.911283143674234,0.12314266966215798,0.16857069510479838,0.21308872235616927,0.2510184052097505,0.15944578828649184,0.8413998700238332,0.058526942443981614,0.7538191766599005,0.6789318158778557,13.812497457897518,1.0,SPOOF,ORPAD_RA2,1.0,edgeppg-1.0,train
ORP_021,ORP_021_S1_01,0.9488377454643621,0.8917309709614623,0.6659141220831698,0.59267446662484,0.889521126753162,0.5745498192576941,0.9201896345645493,0.9348201443060952,0.826716626730866,0.21888768771284095,0.7545507300999593,0.9375245014264593,0.8185155420662519,0.9113751290016314,0.917707275429539,0.8574968591306948,0.1435985257229977,0.8676066149555782,0.8507868093370244,0.8657528110100217,0.9593571943781951,0.950616391538191,0.939713450972073,0.005715920443741576,0.9784086063568204,0.9581147098653874,13.073085090961058,1.0,LIVE,ORPAD_SS1,1.0,edgeppg-1.0,train
ORP_021,ORP_021_S2_02,0.9345388072436756,0.8556969636189512,0.5435173179594113,0.6836065829291678,0.8985011331099534,0.6509483256636673,0.9690279407525466,0.9267621762934025,0.944589701332438,0.21524706317946013,0.7677925684396291,0.87595258976801,0.8714256534922387,0.887548290339171,0.8942867943078766,0.8802035244615175,0.1876721771383783,0.8776841508180931,0.8716555395488106,0.9474422384472031,0.9720702599189884,0.9743825476537181,0.8855783785162843,0.0207683590769087,0.9730466142680921,0.9497598357811854,12.165600976352094,1.0,LIVE,ORPAD_SS2,1.0,edgeppg-1.0,train
ORP_021,ORP_021_S3_03,0.9202515957342335,0.8626568633453422,0.6681128550311615,0.6448110998435304,0.8286559450251123,0.588140238514494,0.908304757791067,0.9070490845901721,0.9454307334176694,0.14391743174874516,0.9285136281187403,0.9292251652841867,0.8662473518554117,0.8918541409377271,0.9408081668287342,0.8224433617728363,0.1950862295245483,0.8651560074703064,0.8627787372075368,0.8647240898652725,0.9274098458800891,0.9093737129748501,0.8835995136699988,0.021544473283116237,0.964037204402329,0.9532349845091714,11.946269356116954,1.0,LIVE,ORPAD_SS3,1.0,edgeppg-1.0,train
ORP_021,ORP_021_PMX10_01,0.8486307463519579,0.6385425341948696,0.0574964251897974,0.04794666710028249,0.1947332270754486,0.04083292749485334,0.12278934262815812,0.13047065963138907,0.061351369723849414,0.9305945150109681,0.029566170052892256,0.1615628189116618,0.24529213721146217,0.07723557087722377,0.12153176950973782,0.06041724772241045,1.403175757538659,0.11899290453296726,0.17552056851068393,0.20570942991810587,0.3791340531362403,0.0858770125478265,0.5514664141867845,0.03912937022155312,0.6345441377949367,0.6435822380286035,11.93866663422527,1.0,SPOOF,ORPAD_PMX10,1.0,edgeppg-1.0,train
ORP_021,ORP_021_RSA1_02,0.9436870137249634,0.7015550551837696,0.03903055608262295,0.06979534480955023,0.2167421436373185,0.0934572454953432,0.1305543474594038,0.16090978198494602,0.02728574850961263,1.1486099807155057,0.03424130962483979,0.24729173991645298,0.29883395091583,0.08286915469728515,0.09142383800177742,0.02419390544881264,0.9110532926058182,0.1808820012958462,0.14064446614021003,0.13543230705743484,0.40328978056087883,0.03895710395130156,0.7732175443808834,0.03663762408291819,0.6765941294673434,0.626395867815806,10.586452918548124,1.0,SPOOF,ORPAD_RSA1,1.0,edgeppg-1.0,train
ORP_021,ORP_021_RB_03,0.9396419912396263,0.8585352787026651,0.031888572538147184,0.02669452865777607,0.16193807967242163,0.10536606606061383,0.1721111568334825,0.060267007806393755,0.14889653731022368,1.0362130427055467,0.11009602297874878,0.23615922448908044,0.3751239305643437,0.21970098553698764,0.06531142313223033,0.04693811662169767,1.1912173623491358,0.1170263821117236,0.16758133664135644,0.33612224689252174,0.37642185534893446,0.10735243291921548,0.8804104821328117,0.022744152400725852,0.7046415970654405,0.7773936797958806,10.12039509786539,1.0,SPOOF,ORPAD_RB,1.0,edgeppg-1.0,train
ORP_023,ORP_023_S1_01,0.9237748789277438,0.918800882084766,0.6451456038767738,0.7582055528527671,0.9482961546189882,0.7161514653609197,0.8903855641857321,0.9299315147179932,0.8560492907581149,0.21818630352502816,0.8977394205954574,0.897399742022936,0.8377493777131829,0.8806196117507027,0.9073835528019438,0.8342197330221374,0.23268654346040626,0.8346030287260603,0.8475611415452399,0.8753171754291877,0.9510452520164759,0.9635374916326761,0.9007803933182391,0.011262105696416232,0.9418604681368802,0.8808696480453386,14.033587070508744,1.0,LIVE,ORPAD_SS1,1.0,edgeppg-1.0,train
ORP_023,ORP_023_S2_02,0.9797217875762259,0.9162290072728073,0.7433313819881704,0.7111050894972784,0.9258878241410151,0.811432411451725,0.8945651782805134,0.8935096810714774,0.8717930141618733,0.1399041506028792,0.7726091842307383,0.8721390130618932,0.8334832624485242,0.8976086168515163,0.9235010360519791,0.7941747538974213,0.12692934447892776,0.8696221389628528,0.8498589885032553,0.9308246805725569,0.9360138297548433,0.9135931646787742,0.9132326282947513,0.029675568429508917,0.9485316959244801,0.938772735995359,12.502212489865867,1.0,LIVE,ORPAD_SS2,1.0,edgeppg-1.0,train
ORP_023,ORP_023_S3_03,0.9437624151293234,0.9144832560070176,0.5696604031923933,0.6449128114041556,0.9102650499449865,0.7957114310427598,0.9652148443193913,0.9788856626351026,0.8624173418734974,0.17284301274323743,0.8057484215588249,0.9004066974064392,0.8988960254923036,0.9323620037218876,0.8972034394273213,0.8045296085894597,0.11530342858839278,0.8497915183919934,0.8403413988354547,0.9395061927104531,0.9530059065804195,0.9112512493647065,0.8997031572151348,0.028032086676870693,0.9307625203214641,0.9455094531041852,13.3376450339651,1.0,LIVE,ORPAD_SS3,1.0,edgeppg-1.0,train
ORP_023,ORP_023_PMY20_01,0.7692358066643693,0.5832916197045279,0.04840537216380984,0.028241499248507017,0.15633716077030346,0.05232644050982488,0.06315969452864093,0.06316358166878966,0.08116204544651855,1.0366292000207666,0.042939013869805094,0.2199992499455048,0.20245699622433758,0.045474887183397636,0.0731632487951837,0.0794062958021713,1.243451200555271,0.19639525742932723,0.138081313548088,0.24167869331216615,0.32558771847024165,0.05162327327137299,0.581926993627239,0.04364463527746344,0.6473807191546561,0.5905351005970974,12.93048253367012,1.0,SPOOF,ORPAD_PMY20,1.0,edgeppg-1.0,train
ORP_023,ORP_023_RSA1_02,0.9443712022797562,0.7113983360437778,0.028409798294284402,0.056397477172750315,0.0754963766129927,0.039895902188645756,0.05263813400357335,0.1586199827347163,0.08186088963900084,0.9908554992309897,0.04406246101275652,0.26678360892900344,0.31229144220876415,0.13631642697230384,0.052095569375417476,0.08045175464268485,1.2840409474807772,0.18097269414333728,0.13360932802484887,0.1628786546163594,0.30158977778735463,0.11973405864981464,0.7626359810432709,0.04586861547254031,0.8089933694826277,0.7117011805234452,10.930614290578903,1.0,SPOOF,ORPAD_RSA1,1.0,edgeppg-1.0,train
ORP_023,ORP_023_RMX20_03,0.9312393377181806,0.829572646524413,0.09467055827280946,0.04004269356680468,0.23152543643641377,0.06861759384788774,0.2298297424669375,0.21497471574637977,0.16332618342382207,1.2833000411777427,0.02661742956337309,0.3874323574623235,0.2263186506769857,0.11383312092289144,0.09639876098295506,0.09671435543350815,0.8282653667536185,0.24369733246959238,0.1290695670877457,0.2926558997847841,0.35240341200602215,0.15932108382335974,0.8571939081876676,0.030449905311455663,0.81987931224813,0.7365963044146049,14.29144717175374,1.0,SPOOF,ORPAD_RMX20,1.0,edgeppg-1.0,train
ORP_026,ORP_026_S1_01,0.9704767297651755,0.9302430799867282,0.5249446508031378,0.6521616916592761,0.8594506328912616,0.6163197168672874,0.9431768595368866,0.9583209714393562,0.8035299971162543,0.21091771408943788,0.8246641895838649,0.8667061394802499,0.8020884187258082,0.9320258733110978,0.8718937589408756,0.8632407275743508,0.16589561584762638,0.8925225973471517,0.8364480065478994,0.9072182862812634,0.9423439036675371,0.9798445926244215,0.9356336651380912,0.004577602935712119,0.958809047145345,0.9257557799106129,11.883608272812506,1.0,LIVE,ORPAD_SS1,1.0,edgeppg-1.0,train
ORP_026,ORP_026_S2_02,0.9463037679446232,0.8602437935471924,0.715741911856052,0.6569088515191424,0.899655034953428,0.7651103749138373,0.8883886214958313,0.949472713085372,0.835212617769869,0.21963972899505046,0.8262761335515719,0.9100665065544769,0.8552264627679744,0.918231331883868,0.9479353371808097,0.8288941415093691,0.12820962190410817,0.8377249922199996,0.8161603081311151,0.9381277573647226,0.9328870009529293,0.9158382925387053,0.9652455268203421,0.02986561244450514,0.9426016202159955,0.9098248458290218,10.779883512577966,1.0,LIVE,ORPAD_SS2,1.0,edgeppg-1.0,train
ORP_026,ORP_026_S3_03,0.9482598098908784,0.8778451545501187,0.7675310851489769,0.6119534802485629,0.9316636551828795,0.7776844677574999,0.929081064770307,0.9250609986109672,0.933124407884385,0.090580552781768,0.9107350800126977,0.938222254869543,0.8503498038649142,0.9061115780854347,0.8705200157337453,0.8402170736276191,0.13490719991681216,0.8762978781168338,0.8842522131028241,0.8636636704898147,0.9497247536425484,0.9355420269900256,0.9257260973980724,0.007856827224250183,0.9650192232387227,0.9128228454458874,13.996236945863487,1.0,LIVE,ORPAD_SS3,1.0,edgeppg-1.0,train
ORP_026,ORP_026_PI3_01,0.8149092351879047,0.5884416643413726,0.010807945794290683,0.013685086755914719,0.15375436428606953,0.02345806347592133,0.11929685190008406,0.03583947150492421,0.023554910797376954,1.2836917782290993,0.07863681925610286,0.15718448132758917,0.26709874468825656,0.09253297584877991,0.1490465581474879,0.024505886369293135,1.4303212015020186,0.15045529017086678,0.1676997344921153,0.11180667227719797,0.33188294105343585,0.0453896012666376,0.7485712416045711,0.02052523204719436,0.7408643167172928,0.5835930333003758,14.41675734686234,1.0,SPOOF,ORPAD_PI3,1.0,edgeppg-1.0,train
ORP_026,ORP_026_RSB_02,0.9465390210001076,0.700518103018651,0.06546229938392167,0.04025041686390851,0.20813124394122104,0.11015102060168,0.16583267151080083,0.0695287924880314,0.04387493199219715,1.1100433730054537,0.08199244451118803,0.28955347733485826,0.22692967384310814,0.12696943115495013,0.15264005716820173,0.037306753905666054,0.9620368568360423,0.21292339168808883,0.1971565490072971,0.18381347684194266,0.38633459827576877,0.13284350376439708,0.8168837357582466,0.04321004530920699,0.6814509768507162,0.7098450770696622,12.970134746717935,1.0,SPOOF,ORPAD_RSB,1.0,edgeppg-1.0,train
ORP_026,ORP_026_RMX10_03,0.9268134364472636,0.869369121604632,0.06137507253083299,0.04704209314577659,0.0850203183307812,0.0782846665289,0.1979877346696704,0.1835908160917149,0.0309968990500432,1.1599653602797944,0.060665467619324676,0.23708204075842698,0.3414062092589737,0.07626370857117891,0.1501917190061649,0.049464066671846316,0.8460951278618364,0.24539125062857334,0.20299279578738244,0.3163146540468553,0.2920162196019739,0.14930904733408723,0.8295399204189594,0.06002992555358834,0.7131123329588445,0.724223636514549,12.837432994604443,1.0,SPOOF,ORPAD_RMX10,1.0,edgeppg-1.0,train
ORP_029,ORP_029_S1_01,0.9243887287665742,0.8959772463681279,0.670767780581737,0.5129542184294635,0.8475093715464044,0.6640947896087686,0.8952626350147439,0.9406414791691063,0.898528665718945,0.081799734720852,0.9315443111039438,0.896236738472925,0.8192335022280229,0.9497850038116905,0.8835225414557079,0.8439524400368369,0.15461343223910604,0.833931479024084,0.8944416838559732,0.9358179292044472,0.9633959685500105,0.9095681260870342,0.8824592357880021,0.02151832168992784,0.9418759435412648,0.9099235254430653,12.476538194164867,1.0,LIVE,ORPAD_SS1,1.0,edgeppg-1.0,train
ORP_029,ORP_029_S2_02,0.9796875798566755,0.8719856360303943,0.5825097742457594,0.48273453979923486,0.8974992886127313,0.7844317616680105,0.9299223250921644,0.9209382123583488,0.8155002343142177,0.1417797782428086,0.9305965869512096,0.8767385051858954,0.8809101227481833,0.8554864302258083,0.9327215910531963,0.8493332813021861,0.13952590650445254,0.8347709449543316,0.8235896560881623,0.9471014021023056,0.940420423739753,0.9467201174889124,0.9706296068218461,0.0109797614770139,0.9560819743521844,0.9164352464725843,11.609636201167666,1.0,LIVE,ORPAD_SS2,1.0,edgeppg-1.0,train
ORP_029,ORP_029_S3_03,0.9614074806382622,0.9236541241887444,0.5970344762031653,0.6763316978041827,0.884072413403556,0.7851725126165393,0.8938326339876558,0.9217004693929401,0.8657857260617134,0.13830242599042752,0.9041750622296028,0.891218626474855,0.8709520289670885,0.8982634203865808,0.9347929586543454,0.8591633011321782,0.23504912469854278,0.8441951670494559,0.8742187210513294,0.8700128090413732,0.9436327975838591,0.9366538186739188,0.9558443478718995,0.013036829155995973,0.9501984604912034,0.9454330139028285,14.776192977359777,1.0,LIVE,ORPAD_SS3,1.0,edgeppg-1.0,train
ORP_029,ORP_029_PB_01,0.7707561500269889,0.5453677175839445,0.03538417428487235,0.026867959411641128,0.07354600846409118,0.06722611025322006,0.12003179128056239,0.11715804064575998,0.03606580262607283,1.3159045094855126,0.05526449098511225,0.3275076708428608,0.2821273113741335,0.10106888918519426,0.11046145816699765,0.015006182319642035,1.1422588971874514,0.05184379439087545,0.07792689781813142,0.1518560539700613,0.35747801541198276,0.10878853857177531,0.5512768451255607,0.030178233583816903,0.6486183507334188,0.5513902181089388,12.463094609498945,1.0,SPOOF,ORPAD_PB,1.0,edgeppg-1.0,train
ORP_029,ORP_029_RSA2_02,0.9477436917682949,0.7499965230092352,0.027866267520957805,0.030934233800433253,0.18272498745138005,0.043426304716942685,0.10623706797199892,0.04595355085220783,0.046503136127686064,1.1210874514483806,0.05713700137547703,0.2216502732850779,0.2113536922109137,0.17292199201751113,0.06229117751931139,0.05035719089619943,1.3532264970830452,0.14686170936874757,0.19423479007066471,0.23577765864600753,0.36458406542812183,0.05634683068040787,0.8386480680376072,0.014595854683865392,0.7075850982171842,0.7124169525355412,14.78892451124847,1.0,SPOOF,ORPAD_RSA2,1.0,edgeppg-1.0,train
ORP_029,ORP_029_RMY10_03,0.9380486946305795,0.8162658395257064,0.08089228429452057,0.08687479600125965,0.23789715489697622,0.047042571820305495,0.1950759259255892,0.1048726969878748,0.14556361734133688,0.7572852535025938,0.021042374699727334,0.35129644589914133,0.24731202456080564,0.1525464266415959,0.19964288294906102,0.027306111082113133,0.9479307456835808,0.1777280337486868,0.15578670787250506,0.34197826232460377,0.3606942253544272,0.17673187139594215,0.86280339188847,0.06596283642419572,0.8439923320638533,0.8411446512280836,11.8312420601733,1.0,SPOOF,ORPAD_RMY10,1.0,edgeppg-1.0,train
ORP_030,ORP_030_S1_01,0.9378668845924958,0.9236366025805358,0.7534204242414351,0.4972109478246795,0.8953255206248052,0.575316853271209,0.8852947950339336,0.9701616050489807,0.8970340477752897,0.13730694968010237,0.8594542740418248,0.9054449105635807,0.8354334493113692,0.9442001625103122,0.8920477461980715,0.8042793087900452,0.21186580327607243,0.8495148133971125,0.8084028350139512,0.8829107459290362,0.9608066872427026,0.9237988821154429,0.9679347279428125,0.008740399081206857,0.9786453145646439,0.9224245988063422,10.542673614491054,1.0,LIVE,ORPAD_SS1,1.0,edgeppg-1.0,train
ORP_030,ORP_030_S2_02,0.9663824319535375,0.852624524837971,0.43523696707178905,0.7282142960181259,0.9373321648272328,0.5622044523374777,0.9243274956666665,0.9562406410443159,0.8407560413741995,0.1556047305715883,0.9446598589180595,0.9261927071375452,0.8923232668580768,0.9229175514912676,0.8666029397011223,0.8825041579707245,0.22644393544550764,0.8784750590063177,0.8179812918689425,0.9377613476409277,0.9835443265130807,0.9698619414171297,0.9788123479669718,0.004043901958009654,0.9417423685515662,0.8950308972936791,13.43185898242271,1.0,LIVE,ORPAD_SS2,1.0,edgeppg-1.0,train
ORP_030,ORP_030_S3_03,0.9459649024555251,0.8648607969415404,0.5726915468430741,0.7470605476999432,0.9162297378203091,0.8260454744948291,0.9235132905687506,0.9417444264201532,0.8025506991465213,0.11155951969072059,0.8317123535105485,0.8577007839241448,0.8644975569662047,0.9475612583313101,0.8577139497579417,0.8671749778590856,0.11277923883489024,0.8528817251150032,0.8106225447019579,0.9138239123710883,0.9672359349946111,0.9799580544480722,0.8901906666075191,0.02739566203367583,0.9249071339108411,0.8874532608932841,12.71370987274432,1.0,LIVE,ORPAD_SS3,1.0,edgeppg-1.0,train
ORP_030,ORP_030_PMY20_01,0.7540030700421434,0.5478545488038524,0.04862918063950386,0.031190561423596448,0.07951822010109028,0.05963092851701568,0.1420087819405754,0.10515995292966747,0.05915091548571801,1.157440585735751,0.056016706370125194,0.22659025496690105,0.2847562000141811,0.1363193406705435,0.13317602623740543,0.08057938970508705,1.3821916230907356,0.15752793483330008,0.13280516844718157,0.14713390479376215,0.2962915686706685,0.0684399634773943,0.6328333030178235,0.013174537042770322,0.5684971605310053,0.6999960663290745,10.50146097173556,1.0,SPOOF,ORPAD_PMY20,1.0,edgeppg-1.0,train
ORP_030,ORP_030_RSI6_02,0.9248498481027534,0.7568765445585194,0.0360986994560871,0.040308048898629864,0.1291393799893677,0.07352082684007964,0.08616327715304162,0.10030678637294783,0.08156356253020251,1.1792930849525978,0.02986629683465103,0.24051054794076723,0.24344199984931214,0.08698749640371192,0.10280741093590275,0.11892584643613771,1.375083693699405,0.08513733407248736,0.16921220305312806,0.24796068310296498,0.31850177761149046,0.13045216086083608,0.7602681523253862,0.054757828254573766,0.726967135498751,0.6541288696573144,13.325532159348645,1.0,SPOOF,ORPAD_RSI6,1.0,edgeppg-1.0,train
ORP_030,ORP_030_RA1_03,0.9556183284646064,0.8078448199012889,0.057016170030325344,0.08263938809769027,0.08570289621068754,0.041213249699953616,0.1396675346612234,0.0775462005532152,0.0641017892799818,1.1796138729331616,0.07816142045596744,0.2491802365988076,0.25019527920176776,0.14274052523615338,0.17085135050160932,0.022921633346576886,1.0241866173924359,0.1645868654321243,0.21917539838025824,0.33375258062638735,0.2680134982408111,0.08101706009835319,0.8550775402370324,0.06914172803348709,0.7331256263520818,0.8162536930549487,12.133914610328183,1.0,SPOOF,ORPAD_RA1,1.0,edgeppg-1.0,train
